<?xml version="1.0" encoding="UTF-8"?>
<project xmlns="http://maven.apache.org/POM/4.0.0" xmlns:xsi="http://www.w3.org/2001/XMLSchema-instance" xsi:schemaLocation="http://maven.apache.org/POM/4.0.0 http://maven.apache.org/maven-v4_0_0.xsd">
  <parent>
    <artifactId>spring-boot-starter-parent</artifactId>
    <groupId>org.springframework.boot</groupId>
    <version>2.3.3.RELEASE</version>
  </parent>
  <modelVersion>4.0.0</modelVersion>
  <artifactId>core-api</artifactId>
  <name>Spring Boot REST API</name>
  <version>1.0.5</version>
  <build>
    <directory>../target</directory>
    <plugins>
      <plugin>
        <groupId>org.springframework.boot</groupId>
        <artifactId>spring-boot-maven-plugin</artifactId>
        <configuration>
          <addResources>true</addResources>
        </configuration>
      </plugin>
      <plugin>
        <artifactId>maven-surefire-plugin</artifactId>
        <version>2.22.0</version>
      </plugin>
      <plugin>
        <artifactId>maven-shade-plugin</artifactId>
        <version>3.4.1</version>
        <executions>
          <execution>
            <id>make-assembly</id>
            <phase>package</phase>
            <goals>
              <goal>shade</goal>
            </goals>
            <configuration>
              <createDependencyReducedPom>false</createDependencyReducedPom>
              <shadedArtifactAttached>true</shadedArtifactAttached>
              <transformers>
                <transformer>
                  <resource>META-INF/spring.handlers</resource>
                </transformer>
                <transformer>
                  <resource>META-INF/spring.factories</resource>
                </transformer>
                <transformer>
                  <resource>META-INF/spring.schemas</resource>
                </transformer>
                <transformer />
                <transformer>
                  <mainClass>br.com.bs.ApiBaseCadastral</mainClass>
                </transformer>
              </transformers>
            </configuration>
          </execution>
        </executions>
      </plugin>
      <plugin>
        <groupId>org.jacoco</groupId>
        <artifactId>jacoco-maven-plugin</artifactId>
        <version>0.8.7</version>
        <executions>
          <execution>
            <id>default-prepare-agent</id>
            <goals>
              <goal>prepare-agent</goal>
            </goals>
          </execution>
          <execution>
            <id>report</id>
            <phase>prepare-package</phase>
            <goals>
              <goal>report</goal>
            </goals>
          </execution>
        </executions>
      </plugin>
    </plugins>
  </build>
  <repositories>
    <repository>
      <id>package-store</id>
      <url>https://gitlab.bvsnet.com.br/-/package-router/maven</url>
    </repository>
    <repository>
      <releases>
        <enabled>false</enabled>
      </releases>
      <snapshots />
      <id>snapshots-repo</id>
      <url>https://oss.sonatype.org/content/repositories/snapshots</url>
    </repository>
    <repository>
      <releases />
      <id>confluent</id>
      <url>http://packages.confluent.io/maven</url>
    </repository>
    <repository>
      <id>central</id>
      <name>Maven Repository Switchboard</name>
      <url>https://repo.maven.apache.org/maven2</url>
    </repository>
  </repositories>
  <dependencies>
    <dependency>
      <groupId>br.com.bs</groupId>
      <artifactId>core-common</artifactId>
      <version>1.1-SNAPSHOT</version>
      <scope>provided</scope>
    </dependency>
    <dependency>
      <groupId>br.com.bs</groupId>
      <artifactId>socket-api</artifactId>
      <version>1.1-SNAPSHOT</version>
      <scope>provided</scope>
    </dependency>
    <dependency>
      <groupId>br.com.bs</groupId>
      <artifactId>rest-api-v1</artifactId>
      <version>1.1-SNAPSHOT</version>
      <scope>provided</scope>
    </dependency>
    <dependency>
      <groupId>br.com.bs</groupId>
      <artifactId>rest-api-v2</artifactId>
      <version>1.1-SNAPSHOT</version>
      <scope>provided</scope>
    </dependency>
    <dependency>
      <groupId>br.com.bs</groupId>
      <artifactId>security</artifactId>
      <version>1.1-SNAPSHOT</version>
      <scope>provided</scope>
    </dependency>
    <dependency>
      <groupId>br.com.bs</groupId>
      <artifactId>core-bigtable</artifactId>
      <version>1.1-SNAPSHOT</version>
      <scope>provided</scope>
    </dependency>
    <dependency>
      <groupId>br.com.bs</groupId>
      <artifactId>endereco-cep</artifactId>
      <version>1.1-SNAPSHOT</version>
      <scope>provided</scope>
    </dependency>
    <dependency>
      <groupId>br.com.bs</groupId>
      <artifactId>outras-grafias</artifactId>
      <version>1.1-SNAPSHOT</version>
      <scope>provided</scope>
    </dependency>
    <dependency>
      <groupId>br.com.bs</groupId>
      <artifactId>ppe-pessoa</artifactId>
      <version>1.1-SNAPSHOT</version>
      <scope>provided</scope>
    </dependency>
    <dependency>
      <groupId>br.com.bs</groupId>
      <artifactId>reversed-index-bigtable</artifactId>
      <version>1.1-SNAPSHOT</version>
      <scope>provided</scope>
    </dependency>
    <dependency>
      <groupId>br.com.bs</groupId>
      <artifactId>scpc-fone</artifactId>
      <version>1.1-SNAPSHOT</version>
      <scope>provided</scope>
    </dependency>
    <dependency>
      <groupId>com.fasterxml.jackson.core</groupId>
      <artifactId>jackson-databind</artifactId>
      <version>2.11.2</version>
      <scope>provided</scope>
    </dependency>
    <dependency>
      <groupId>com.fasterxml.jackson.datatype</groupId>
      <artifactId>jackson-datatype-jsr310</artifactId>
      <version>2.11.2</version>
      <scope>provided</scope>
    </dependency>
    <dependency>
      <groupId>com.fasterxml.jackson.dataformat</groupId>
      <artifactId>jackson-dataformat-smile</artifactId>
      <version>2.11.2</version>
      <scope>provided</scope>
    </dependency>
    <dependency>
      <groupId>ch.qos.logback.contrib</groupId>
      <artifactId>logback-json-classic</artifactId>
      <version>0.1.5</version>
      <scope>provided</scope>
    </dependency>
    <dependency>
      <groupId>ch.qos.logback.contrib</groupId>
      <artifactId>logback-jackson</artifactId>
      <version>0.1.5</version>
      <scope>provided</scope>
    </dependency>
    <dependency>
      <groupId>org.springframework.cloud</groupId>
      <artifactId>spring-cloud-starter-kubernetes-config</artifactId>
      <version>1.1.6.RELEASE</version>
      <scope>provided</scope>
    </dependency>
    <dependency>
      <groupId>org.springframework.cloud</groupId>
      <artifactId>spring-cloud-starter-zipkin</artifactId>
      <version>2.2.5.RELEASE</version>
      <scope>provided</scope>
    </dependency>
    <dependency>
      <groupId>com.google.cloud</groupId>
      <artifactId>spring-cloud-gcp-starter-logging</artifactId>
      <version>2.0.1</version>
      <scope>provided</scope>
    </dependency>
    <dependency>
      <groupId>org.slf4j</groupId>
      <artifactId>slf4j-api</artifactId>
      <version>1.7.30</version>
      <scope>provided</scope>
    </dependency>
    <dependency>
      <groupId>org.slf4j</groupId>
      <artifactId>slf4j-simple</artifactId>
      <version>1.7.30</version>
      <scope>provided</scope>
    </dependency>
    <dependency>
      <groupId>org.apache.camel</groupId>
      <artifactId>camel-netty4-http</artifactId>
      <version>2.24.2</version>
      <scope>provided</scope>
    </dependency>
    <dependency>
      <groupId>org.apache.camel</groupId>
      <artifactId>camel-gson</artifactId>
      <version>2.24.2</version>
      <scope>provided</scope>
    </dependency>
    <dependency>
      <groupId>org.apache.camel</groupId>
      <artifactId>camel-quartz2</artifactId>
      <version>2.24.2</version>
      <scope>provided</scope>
    </dependency>
    <dependency>
      <groupId>org.apache.camel</groupId>
      <artifactId>camel-swagger-java</artifactId>
      <version>2.24.2</version>
      <scope>provided</scope>
    </dependency>
    <dependency>
      <groupId>org.webjars</groupId>
      <artifactId>swagger-ui</artifactId>
      <version>3.23.8</version>
      <scope>provided</scope>
    </dependency>
    <dependency>
      <groupId>com.github.ulisesbocchio</groupId>
      <artifactId>jasypt-spring-boot-starter</artifactId>
      <version>2.0.0</version>
      <scope>provided</scope>
    </dependency>
    <dependency>
      <groupId>io.opencensus</groupId>
      <artifactId>opencensus-api</artifactId>
      <version>0.26.0</version>
      <scope>provided</scope>
    </dependency>
    <dependency>
      <groupId>io.opencensus</groupId>
      <artifactId>opencensus-exporter-trace-stackdriver</artifactId>
      <version>0.26.0</version>
      <scope>provided</scope>
    </dependency>
    <dependency>
      <groupId>io.opencensus</groupId>
      <artifactId>opencensus-impl</artifactId>
      <version>0.26.0</version>
      <scope>provided</scope>
    </dependency>
    <dependency>
      <groupId>joda-time</groupId>
      <artifactId>joda-time</artifactId>
      <version>2.10.6</version>
      <scope>provided</scope>
    </dependency>
  </dependencies>
  <dependencyManagement>
    <dependencies>
      <dependency>
        <groupId>com.google.cloud</groupId>
        <artifactId>spring-cloud-gcp-dependencies</artifactId>
        <version>2.0.1</version>
        <type>pom</type>
        <scope>import</scope>
      </dependency>
      <dependency>
        <groupId>org.springframework.cloud</groupId>
        <artifactId>spring-cloud-dependencies</artifactId>
        <version>Hoxton.SR8</version>
        <type>pom</type>
        <scope>import</scope>
      </dependency>
    </dependencies>
  </dependencyManagement>
  <distributionManagement>
    <repository>
      <id>package-store</id>
      <url>https://gitlab.bvsnet.com.br/-/package-router/maven</url>
    </repository>
    <snapshotRepository>
      <id>package-store</id>
      <url>https://gitlab.bvsnet.com.br/-/package-router/maven</url>
    </snapshotRepository>
  </distributionManagement>
  <properties>
    <hawtio-springboot.version>2.3.0</hawtio-springboot.version>
    <java.version>1.8</java.version>
    <downloadJavadocs>true</downloadJavadocs>
    <maven.compiler.source>1.8</maven.compiler.source>
    <webjars-locator.version>0.37</webjars-locator.version>
    <maven.compiler.target>1.8</maven.compiler.target>
    <project.build.sourceEncoding>UTF-8</project.build.sourceEncoding>
    <downloadSources>true</downloadSources>
    <webjars-swagger-ui.version>3.23.8</webjars-swagger-ui.version>
    <camel.version>2.24.2</camel.version>
  </properties>
</project>
